Player,Team,Positions,R,HR,RBI,SB,OBP,H,1B,2B,3B,BB,SO
Ronald Acuna,ATL,RF,129,38,101,53,0.397,184,110,34,2,80,107
Bobby Witt ,KC,SS,99,29,90,41,0.324,169,100,33,7,41,121
Julio Rodriguez,SEA,CF,101,32,94,33,0.336,169,101,33,3,51,157
Mookie Betts,LAD,"2B,RF",114,33,97,13,0.373,163,91,37,2,82,107
Corbin Carroll,ARI,"LF,CF,RF",102,23,81,42,0.347,158,96,30,9,62,134
Kyle Tucker,HOU,RF,97,31,104,25,0.362,161,92,34,4,71,96
Freddie Freeman,LAD,1B,109,26,95,14,0.383,179,110,41,2,75,110
Aaron Judge,NYY,"RF,DH",106,46,112,7,0.39,144,75,23,0,100,171
Fernando Tatis ,SD,RF,102,35,99,28,0.345,160,89,34,2,63,146
Juan Soto,NYY,LF,109,37,102,11,0.422,148,82,27,2,131,112
Shohei Ohtani,LAD,"DH,SP",101,39,107,19,0.377,146,74,28,5,84,151
Trea Turner,PHI,SS,97,23,84,28,0.331,173,112,34,4,45,133
Jose Ramirez,CLE,"3B,DH",93,27,95,25,0.357,162,94,37,4,70,76
Matt Olson,ATL,1B,102,41,114,1,0.365,151,80,29,1,88,148
Yordan Alvarez,HOU,"LF,DH",97,38,109,1,0.39,151,80,31,2,77,117
Bryce Harper,PHI,"1B,DH",95,29,92,13,0.387,150,85,34,2,89,135
Austin Riley,ATL,3B,99,37,106,2,0.343,166,95,32,2,57,159
Rafael Devers,BOS,3B,95,35,102,4,0.349,163,91,36,1,60,124
Corey Seager,TEX,SS,88,30,90,2,0.365,152,88,33,1,56,95
Ozzie Albies,ATL,2B,94,27,94,14,0.326,161,97,33,4,45,108
Pete Alonso,NYM,1B,89,40,110,4,0.327,141,76,24,1,66,139
Marcus Semien,TEX,2B,100,27,86,15,0.331,161,97,34,3,61,111
Francisco Lindor,NYM,SS,92,27,89,21,0.325,147,90,28,2,62,126
Luis Robert ,CWS,CF,86,31,90,19,0.311,152,87,33,1,34,159
Vladimir Guerrero ,TOR,"1B,DH",92,33,101,6,0.358,166,100,32,1,67,99
Michael Harris II,ATL,CF,87,22,81,24,0.327,161,101,35,3,35,121
Gunnar Henderson,BAL,"3B,SS",92,26,83,12,0.338,144,83,29,6,64,155
Bo Bichette,TOR,SS,88,23,86,12,0.332,175,115,35,2,36,127
Jose Altuve,HOU,2B,98,24,76,14,0.349,152,96,31,1,62,101
Randy Arozarena,TB,LF,89,24,81,26,0.337,145,89,29,3,65,156
Adolis Garcia,TEX,RF,88,32,96,14,0.304,139,77,28,2,50,181
Elly De La Cruz,CIN,"3B,SS",78,21,70,35,0.309,125,73,25,6,45,177
CJ Abrams,WSH,SS,82,16,64,38,0.294,145,95,30,4,31,115
Manny Machado,SD,"3B,DH",83,29,95,7,0.337,150,92,28,1,57,116
Paul Goldschmidt,STL,"1B,DH",91,26,87,8,0.356,153,96,30,1,78,149
Nolan Jones,COL,"LF,RF",82,24,80,16,0.355,139,82,29,4,70,171
Mike Trout,LAA,CF,87,34,89,3,0.358,129,68,25,2,72,161
Adley Rutschman,BAL,"C,DH",82,19,71,3,0.366,141,90,31,1,78,95
Royce Lewis,MIN,3B,79,26,81,13,0.329,136,81,27,2,46,127
Cody Bellinger,,"1B,CF",81,23,82,17,0.32,139,86,28,2,49,118
Jazz Chisholm ,MIA,CF,77,25,75,29,0.307,124,74,21,4,44,158
Matt McLain,CIN,"2B,SS",84,23,78,19,0.331,136,79,30,4,59,165
Christian Yelich,MIL,"LF,DH",93,19,69,22,0.358,143,93,29,2,84,148
Nico Hoerner,CHC,"2B,SS",83,10,64,32,0.332,165,123,28,4,45,78
Josh Lowe,TB,"RF,DH",68,17,68,24,0.317,125,75,30,3,43,146
Oneil Cruz,PIT,SS,80,23,72,22,0.318,126,75,24,4,53,156
Kyle Schwarber,PHI,"LF,DH",98,41,98,4,0.343,122,59,21,1,101,194
Christian Walker,ARI,1B,82,28,93,6,0.328,144,84,30,2,62,129
J.T. Realmuto,PHI,C,66,19,67,15,0.312,118,72,24,3,38,125
Alex Bregman,HOU,3B,94,24,87,2,0.361,149,92,31,2,84,81
Gleyber Torres,NYY,2B,83,24,80,13,0.339,151,99,27,1,58,109
Bryan Reynolds,PIT,LF,86,24,83,9,0.34,153,95,30,4,61,138
Will Smith,LAD,C,71,21,75,2,0.345,116,70,23,2,56,88
Triston Casas,BOS,1B,79,27,82,1,0.36,131,76,26,2,81,141
Nolan Arenado,STL,3B,75,26,93,4,0.319,150,91,31,2,48,95
William Contreras,MIL,"C,DH",77,21,75,4,0.344,141,91,28,1,58,131
Ha-Seong Kim,SD,"2B,3B,SS",76,15,61,26,0.325,133,90,26,2,63,118
Spencer Torkelson,DET,1B,82,30,87,3,0.323,137,76,30,1,66,152
Nick Castellanos,PHI,RF,76,24,88,7,0.306,152,94,33,1,38,160
Xander Bogaerts,SD,SS,82,18,74,12,0.344,158,108,31,1,57,114
Josh Jung,TEX,3B,76,26,84,3,0.304,141,85,28,2,38,168
George Springer,TOR,"RF,DH",84,23,73,14,0.327,139,89,25,2,55,115
Seiya Suzuki,CHC,RF,76,22,76,9,0.349,139,86,28,3,62,132
Ketel Marte,ARI,2B,87,21,80,7,0.348,154,94,34,5,64,107
Spencer Steer,CIN,"1B,3B,LF",70,20,75,8,0.328,129,77,30,2,55,124
Yandy Diaz,TB,1B,85,18,71,2,0.378,154,105,30,1,73,89
Bryson Stott,PHI,2B,72,13,64,22,0.321,145,100,29,3,44,105
Evan Carter,TEX,LF,74,16,66,18,0.346,125,80,25,4,67,142
Jordan Walker,STL,RF,64,18,66,10,0.328,129,84,25,2,44,122
Dansby Swanson,CHC,SS,82,23,81,12,0.323,147,94,28,2,57,158
Lane Thomas,WSH,RF,81,22,73,15,0.305,141,85,31,3,45,155
Andres Gimenez,CLE,2B,78,17,70,27,0.309,147,97,29,4,36,118
Josh Naylor,CLE,"1B,DH",67,22,85,8,0.336,144,90,32,0,43,82
Teoscar Hernandez,LAD,"RF,DH",76,28,90,8,0.309,140,84,27,1,36,169
Anthony Santander,BAL,"RF,DH",79,29,89,3,0.311,141,80,31,1,50,136
Zack Gelof,OAK,2B,72,19,63,20,0.309,128,78,29,2,53,171
Vinnie Pasquantino,KC,1B,70,21,75,2,0.353,138,83,32,2,59,73
Yainer Diaz,HOU,"C,DH",57,21,68,1,0.304,114,70,22,1,20,86
Ian Happ,CHC,LF,80,21,79,11,0.343,140,85,31,3,78,151
Anthony Volpe,NYY,SS,73,20,67,24,0.301,120,69,27,4,52,147
Cedric Mullins II,BAL,CF,73,18,66,27,0.311,129,81,27,3,47,116
TJ Friedl,CIN,"LF,CF",74,16,62,21,0.323,126,82,22,6,49,96
Riley Greene,DET,CF,77,17,65,9,0.338,145,96,26,6,54,154
Luis Arraez,MIA,2B,78,8,63,4,0.369,180,138,30,4,46,41
Jorge Soler,SF,"RF,DH",75,31,83,1,0.328,123,68,24,0,65,146
Esteury Ruiz,OAK,CF,59,8,41,51,0.296,107,74,23,2,30,100
Marcell Ozuna,ATL,DH,76,31,88,1,0.323,132,76,24,1,51,133
Masataka Yoshida,BOS,"LF,DH",70,16,72,5,0.351,148,101,29,2,47,72
Christian Encarnacion-Strand,CIN,"1B,DH",58,23,70,3,0.316,108,63,21,1,30,121
Cal Raleigh,SEA,C,64,27,75,1,0.298,108,55,25,1,46,142
Sean Murphy,ATL,C,61,20,64,0,0.332,100,56,23,1,46,102
Chas McCormick,HOU,"LF,CF,RF",67,20,67,14,0.322,113,73,18,2,48,134
James Outman,LAD,CF,71,20,66,11,0.316,106,63,20,3,56,166
Max Muncy,LAD,3B,77,28,81,2,0.339,101,53,19,1,79,139
Rhys Hoskins,MIL,1B,76,27,81,3,0.331,121,65,28,1,69,147
Salvador Perez,KC,"C,1B,DH",61,25,81,0,0.288,130,82,22,1,22,129
Jackson Chourio,MIL,CF,61,15,62,20,0.301,121,81,23,2,31,113
Willson Contreras,STL,"C,DH",63,20,65,5,0.329,106,63,22,1,48,111
Alec Bohm,PHI,"1B,3B",72,17,77,4,0.325,151,104,29,1,42,104
Nathaniel Lowe,TEX,1B,79,21,79,3,0.351,154,102,29,2,70,146
Thairo Estrada,SF,"2B,SS",72,15,62,22,0.302,139,97,25,2,32,115
Francisco Alvarez,NYM,C,58,24,67,2,0.306,96,55,17,0,47,123
Jake Burger,MIA,"3B,DH",71,29,82,1,0.301,134,76,27,2,38,157
Nolan Gorman,STL,"2B,DH",68,27,76,6,0.314,111,63,20,1,51,158
Brandon Nimmo,NYM,CF,89,19,67,4,0.353,148,96,28,5,73,129
Willy Adames,MIL,SS,79,27,86,6,0.321,135,77,30,1,63,162
Gabriel Moreno,ARI,C,55,10,58,6,0.336,124,89,24,1,36,89
Noelvi Marte,CIN,3B,60,14,58,15,0.327,117,77,24,2,40,103
Edouard Julien,MIN,"2B,DH",71,15,54,8,0.356,111,72,23,1,78,161
Tommy Edman,STL,"2B,SS,CF",71,12,55,26,0.311,128,85,27,4,36,87
KeBryan Hayes,PIT,3B,71,16,67,15,0.318,143,92,30,5,43,119
Jarren Duran,BOS,"LF,CF",71,13,57,26,0.314,125,76,31,5,40,136
Lars Nootbaar,STL,"LF,CF,RF",72,18,62,9,0.352,113,70,23,2,70,106
Isaac Paredes,TB,"1B,3B",69,25,79,1,0.327,116,66,24,1,60,96
Wyatt Langford,TEX,LF,53,15,54,10,0.327,93,56,20,2,38,90
Steven Kwan,CLE,LF,82,6,55,18,0.349,158,116,30,6,62,65
Eloy Jimenez,CWS,DH,65,25,79,0,0.327,138,88,25,0,40,114
Christopher Morel,CHC,"CF,DH",70,25,73,11,0.308,114,63,22,4,45,160
Jonah Heim,TEX,C,56,18,63,2,0.307,110,67,24,1,40,95
J.D. Martinez,,DH,63,23,76,1,0.315,116,65,27,1,41,142
Kerry Carpenter,DET,"RF,DH",64,21,71,5,0.31,124,77,23,3,38,129
Trevor Story,BOS,SS,70,20,70,21,0.299,119,69,28,2,45,160
Ezequiel Tovar,COL,SS,77,17,72,14,0.3,152,98,33,4,31,150
Jeimer Candelario,CIN,"1B,3B",70,21,75,4,0.321,125,72,30,2,50,129
Ryan Mountcastle,BAL,"1B,DH",66,22,74,4,0.32,127,81,23,1,41,127
Byron Buxton,MIN,DH,69,27,68,10,0.302,101,48,24,2,42,143
Jonathan India,CIN,2B,69,16,60,11,0.33,114,72,25,1,50,110
Jarred Kelenic,ATL,"LF,RF",62,16,62,13,0.315,105,62,25,2,46,134
Daulton Varsho,TOR,"LF,CF",72,24,72,16,0.299,119,69,24,2,45,130
Carlos Correa,MIN,SS,72,21,72,0,0.338,135,85,28,1,60,122
Tyler ONeill,BOS,LF,69,22,69,13,0.324,115,69,23,1,48,140
Lourdes Gurriel ,ARI,"LF,DH",63,16,70,4,0.323,138,90,30,2,33,93
Jack Suwinski,PIT,"CF,RF",64,24,67,9,0.327,98,52,20,2,64,156
Bo Naylor,CLE,C,50,15,51,6,0.324,82,48,18,1,51,103
Jeremy Pena,HOU,SS,76,16,67,14,0.306,144,99,27,2,37,129
Keibert Ruiz,WSH,C,54,16,61,2,0.314,124,83,25,0,33,54
Starling Marte,NYM,RF,64,12,52,28,0.306,121,86,20,3,29,101
Andrew Vaughn,CWS,1B,71,23,79,0,0.314,146,92,30,1,42,120
Jorge Polanco,SEA,2B,68,21,70,6,0.321,120,74,24,1,55,129
Matt Chapman,,3B,72,24,72,3,0.321,118,65,27,2,64,163
Jackson Holliday,BAL,"2B,SS",61,9,50,9,0.342,111,77,22,3,55,108
Brandon Drury,LAA,"1B,2B",66,23,76,2,0.293,124,72,27,2,32,135
Brandon Lowe,TB,2B,65,22,66,5,0.32,100,56,21,1,51,125
Taylor Ward,LAA,LF,74,20,68,6,0.341,125,78,26,1,55,114
Mitch Garver,SEA,"C,DH",55,21,60,1,0.324,93,55,17,0,52,118
Logan OHoppe,LAA,C,54,21,60,2,0.322,96,58,16,1,40,92
Eugenio Suarez,ARI,3B,68,23,78,1,0.314,122,74,24,1,63,178
Justin Turner,TOR,"1B,DH",64,16,68,3,0.32,122,80,26,0,45,98
Josh Bell,MIA,"1B,DH",69,21,74,0,0.339,134,86,26,1,66,117
J.P. Crawford,SEA,SS,80,13,59,3,0.346,140,95,31,1,76,109
Jose Abreu,HOU,1B,69,18,78,1,0.317,136,90,27,1,46,124
Max Kepler,MIN,RF,69,21,68,4,0.323,115,68,24,2,54,106
Vaughn Grissom,BOS,SS,65,10,59,11,0.339,134,93,28,3,41,87
Ryan McMahon,COL,"2B,3B",72,22,73,6,0.324,127,77,26,2,62,171
Junior Caminero,TB,"3B,SS",38,12,43,3,0.317,76,51,11,2,22,64
Anthony Rizzo,NYY,1B,66,22,67,4,0.312,109,66,20,1,49,109
Giancarlo Stanton,NYY,"RF,DH",55,26,70,0,0.309,91,51,14,0,46,133
Luis Campusano,SD,C,51,14,56,1,0.308,107,73,19,1,30,80
Jung Hoo Lee,SF,CF,69,10,62,7,0.344,150,102,34,4,48,55
Brent Rooker,OAK,"LF,RF,DH",62,26,69,3,0.304,108,60,21,1,51,175
Jake Fraley,CIN,"LF,RF,DH",50,14,53,15,0.335,87,55,17,1,43,86
Leody Taveras,TEX,CF,63,13,57,16,0.31,118,77,25,3,37,115
Maikel Garcia,KC,3B,63,7,49,21,0.327,126,91,25,3,43,107
Austin Hays,BAL,LF,69,18,68,4,0.306,133,83,30,2,37,126
Luis Rengifo,LAA,"2B,3B,SS,RF",64,17,61,9,0.311,124,83,20,4,38,96
Kris Bryant,COL,"RF,DH",65,17,61,3,0.338,120,76,26,1,46,105
Jose Siri,TB,CF,61,20,60,17,0.268,96,54,19,3,28,160
Alex Verdugo,NYY,RF,64,13,56,4,0.322,124,83,26,2,39,81
Bryan De La Cruz,MIA,LF,63,18,69,4,0.315,139,92,28,1,38,128
Jordan Lawlar,ARI,SS,40,7,33,13,0.308,69,47,13,2,26,79
Gavin Lux,LAD,"2B,LF",60,10,49,8,0.332,105,71,20,4,44,94
Zach Neto,LAA,SS,69,18,66,9,0.305,120,75,26,1,39,126
Sal Frelick,MIL,"CF,RF",66,9,56,15,0.333,130,92,25,4,49,79
Tommy Pham,,"LF,DH",62,14,56,15,0.325,109,71,22,2,50,118
Henry Davis,PIT,RF,51,13,51,8,0.324,92,58,19,2,46,103
Ty France,SEA,1B,70,15,67,1,0.313,142,97,29,1,40,102
Whit Merrifield,PHI,"2B,LF",49,7,42,17,0.305,97,69,20,1,25,69
MJ Melendez,KC,"LF,RF",71,21,67,5,0.325,119,67,27,4,62,146
Tyler Stephenson,CIN,"C,DH",49,12,50,1,0.324,94,62,19,1,37,103
Jeff McNeil,NYM,"2B,LF,RF",68,9,59,6,0.328,149,108,30,2,38,64
Parker Meadows,DET,CF,61,13,51,13,0.297,105,66,20,6,45,124
Luke Raley,SEA,"1B,RF",51,17,51,9,0.289,84,49,16,2,30,128
Nelson Velazquez,KC,RF,48,18,52,7,0.295,83,47,17,1,31,117
Joey Meneses,WSH,DH,60,16,71,1,0.308,140,95,28,1,36,123
Andrew Benintendi,CWS,LF,70,9,54,11,0.336,142,102,29,2,54,91
Brendan Donovan,STL,"2B,LF",62,10,48,6,0.35,113,82,20,1,49,73
Joc Pederson,ARI,"LF,DH",58,18,60,2,0.338,97,59,17,3,48,96
Tim Anderson,MIA,SS,63,7,45,14,0.31,136,104,23,2,25,112
Jake McCarthy,ARI,RF,27,3,19,14,0.314,48,34,8,3,16,42
Charlie Blackmon,COL,"RF,DH",63,11,54,4,0.331,122,82,24,5,39,82
Kyle Manzardo,CLE,1B,47,14,51,1,0.319,85,48,22,1,43,86
Jordan Westburg,BAL,"2B,3B",50,12,48,6,0.311,93,59,20,2,33,100
Mitch Haniger,SEA,LF,59,20,63,1,0.296,100,60,19,1,38,123
Matt Wallner,MIN,"LF,RF",56,17,57,3,0.317,90,50,21,2,49,151
Brett Baty,NYM,3B,51,14,51,3,0.308,95,64,17,0,38,117
Pete Crow-Armstrong,CHC,CF,50,10,42,16,0.303,85,55,16,4,27,104
Alejandro Kirk,TOR,C,39,10,42,0,0.344,84,58,16,0,37,41
Alex Kirilloff,MIN,"1B,RF",48,13,52,2,0.322,95,63,18,1,32,94
Will Benson,CIN,"LF,RF",55,13,45,15,0.33,78,45,16,4,54,127
Ramon Laureano,CLE,"CF,RF",57,15,54,13,0.297,99,60,22,2,38,128
Michael Conforto,SF,RF,60,16,59,3,0.333,107,70,21,0,56,111
Willi Castro,MIN,"3B,LF,CF",54,10,42,21,0.297,95,64,18,3,27,100
Brandon Marsh,PHI,"LF,CF",60,12,56,12,0.328,110,71,23,4,52,153
Wilmer Flores,SF,"1B,3B,DH",56,18,60,0,0.327,109,69,21,1,43,70
Hunter Renfroe,KC,RF,54,19,60,1,0.305,102,59,24,0,35,99
Colt Keith,DET,"2B,3B",57,14,58,3,0.315,111,70,24,3,40,110
DJ LeMahieu,NYY,"1B,3B",65,12,52,3,0.334,123,89,20,2,57,102
Elias Diaz,COL,C,43,12,50,1,0.304,96,64,19,1,28,90
Shea Langeliers,OAK,C,47,18,53,3,0.281,88,50,18,2,33,124
Orlando Arcia,ATL,SS,62,16,62,2,0.31,117,79,22,0,40,99
Michael Busch,CHC,3B,49,14,49,2,0.312,86,52,19,1,39,111
Anthony Rendon,LAA,3B,56,13,56,3,0.346,103,66,23,1,55,79
Ryan Noda,OAK,1B,64,18,54,6,0.328,96,56,21,1,73,173
Jake Cronenworth,SD,"1B,2B",71,15,66,5,0.318,129,81,28,5,54,106
Danny Jansen,TOR,C,46,18,54,1,0.304,75,41,16,0,31,74
Brendan Rodgers,COL,2B,64,15,64,1,0.327,136,91,28,2,36,105
Brice Turang,MIL,"2B,SS",51,8,43,19,0.31,99,71,18,2,41,94
Javier Baez,DET,SS,60,15,61,11,0.278,119,79,22,3,25,132
Garrett Mitchell,MIL,CF,33,7,29,10,0.304,61,41,11,2,25,88
Adam Duvall,,"CF,RF",49,21,60,3,0.277,84,44,18,1,27,127
Masyn Winn,STL,SS,61,10,51,14,0.301,111,77,20,4,36,97
Ryan Jeffers,MIN,C,43,15,45,2,0.309,75,45,14,1,34,101
Ryan OHearn,BAL,"1B,RF",48,16,56,3,0.302,94,59,18,1,24,96
Amed Rosario,TB,"2B,SS",47,7,40,10,0.308,96,69,16,4,18,67
Harrison Bader,NYM,CF,50,11,45,19,0.291,92,62,17,2,26,81
Mark Canha,DET,"LF,RF,DH",61,12,55,7,0.335,113,76,23,2,51,88
Chris Taylor,LAD,"3B,SS,LF",53,13,50,11,0.311,85,51,19,2,42,132
Alek Thomas,ARI,CF,60,11,55,9,0.307,118,78,24,5,32,97
Adalberto Mondesi,,SS,30,6,23,19,0.264,48,31,9,2,12,73
C.J. Cron,,1B,42,15,49,0,0.3,78,47,15,1,28,91
Jesse Winker,WSH,DH,33,8,31,0,0.348,60,40,12,0,40,57
Harold Ramirez,TB,DH,33,6,36,3,0.318,75,54,14,1,14,50
Rowdy Tellez,PIT,"1B,DH",44,17,56,1,0.316,87,53,16,1,39,85
Yoan Moncada,CWS,3B,63,17,63,3,0.317,125,80,27,1,49,155
Elehuris Montero,COL,1B,46,16,52,1,0.302,88,53,18,1,25,110
Nolan Schanuel,LAA,1B,67,11,48,3,0.359,110,78,19,2,63,79
Austin Wells,NYY,C,37,12,41,4,0.3,66,38,15,1,29,81
Oscar Gonzalez,NYY,RF,12,3,14,0,0.283,29,20,6,0,5,28
Carlos Santana,MIN,1B,54,16,57,3,0.322,95,59,19,1,57,85
LaMonte Wade ,SF,"1B,LF",61,16,54,3,0.342,101,65,18,2,63,95
Heston Kjerstad,BAL,DH,28,7,27,1,0.307,56,36,11,2,15,54
Davis Schneider,TOR,2B,48,15,48,5,0.329,76,42,18,1,47,104
Brenton Doyle,COL,CF,57,15,53,19,0.275,105,67,19,4,26,161
Ezequiel Duran,TEX,"3B,SS,LF,DH",34,9,33,6,0.295,65,41,14,1,16,74
Johan Rojas,PHI,CF,42,5,34,20,0.291,81,57,16,3,17,75
Jon Berti,MIA,"3B,SS",50,6,34,22,0.323,95,70,16,3,35,83
J.D. Davis,SF,3B,53,14,54,1,0.326,101,67,19,1,47,133
Austin Meadows,,LF,18,5,20,1,0.327,33,20,7,1,14,27
Andrew McCutchen,PIT,DH,56,13,50,8,0.34,97,63,20,1,60,101
Eddie Rosario,,LF,47,14,53,5,0.297,95,61,18,2,27,90
Michael Massey,KC,2B,48,13,52,6,0.295,98,62,22,1,26,93
Ceddanne Rafaela,BOS,CF,25,5,23,8,0.292,47,30,10,2,9,46
Seth Brown,OAK,"LF,RF",53,21,63,6,0.296,99,54,22,2,39,127
Tyler Black,MIL,3B,31,5,25,11,0.328,51,32,11,3,29,55
Luis Garcia,WSH,2B,53,11,52,7,0.319,117,78,25,3,26,68
Jesus Sanchez,MIA,RF,53,17,58,3,0.315,101,62,19,3,39,116
Miguel Vargas,LAD,2B,20,5,19,3,0.327,35,21,8,1,16,32
Wilyer Abreu,BOS,"LF,CF",52,13,49,9,0.333,88,55,19,1,49,108
Colton Cowser,BAL,"LF,CF,RF",16,3,13,2,0.325,26,18,5,0,15,38
Curtis Mead,TB,3B,17,4,17,2,0.319,35,21,9,1,13,30
Jorge Mateo,BAL,SS,28,5,20,16,0.277,45,29,9,2,12,52
Jake Rogers,DET,C,40,15,44,2,0.278,66,38,12,1,28,110
Matt Vierling,DET,"3B,LF,CF,RF",48,8,40,8,0.316,97,69,17,3,33,85
Jasson Dominguez,NYY,CF,21,5,18,6,0.323,35,23,6,1,17,44
Patrick Bailey,SF,C,41,9,43,2,0.292,83,55,18,1,32,105
Mickey Moniak,LAA,CF,48,16,49,6,0.272,90,52,18,4,20,130
Jonathan Aranda,TB,1B,24,6,24,1,0.328,44,28,9,1,20,50
Travis dArnaud,ATL,C,38,12,42,0,0.299,72,44,15,1,21,73
Yan Gomes,CHC,C,39,10,45,1,0.29,86,59,16,1,18,73
Drew Waters,KC,"CF,RF",36,7,29,11,0.304,62,39,13,3,24,87
Connor Wong,BOS,C,40,10,37,6,0.281,75,46,18,1,20,106
Matt Mervis,CHC,1B,20,6,22,1,0.306,36,22,8,0,17,45
Mike Yastrzemski,SF,"CF,RF",61,17,57,4,0.316,97,53,25,2,53,124
Jose Caballero,TB,SS,36,5,27,19,0.315,55,38,11,1,32,64
Patrick Wisdom,CHC,3B,46,20,52,5,0.289,66,33,13,0,34,128
Zach McKinstry,DET,"2B,3B,SS,LF,RF",39,7,30,9,0.305,71,47,14,3,29,73
Hunter Goodman,COL,"1B,RF",44,16,54,2,0.302,84,46,20,2,24,99
James Wood,WSH,"CF,RF",10,3,10,2,0.297,17,9,4,1,7,27
Rene Pinto,TB,C,39,14,47,2,0.262,79,46,18,1,18,120
Ji Man Choi,NYM,1B,15,5,16,0,0.323,25,15,5,0,16,37
Josh Rojas,SEA,"2B,3B",35,5,28,9,0.307,63,44,13,1,28,69
Gary Sanchez,MIL,C,33,14,40,1,0.29,54,30,10,0,28,81
Oswald Peraza,NYY,3B,28,7,25,9,0.293,51,34,9,1,16,54
Xavier Edwards,MIA,2B,18,1,13,6,0.332,37,29,6,1,12,20
Geraldo Perdomo,ARI,"2B,SS",51,5,35,12,0.327,84,61,15,3,47,76
Luis Matos,SF,CF,25,4,22,6,0.32,52,37,10,1,15,26
Will Brennan,CLE,RF,25,3,25,6,0.312,60,43,13,1,13,32
Edward Olivares,PIT,"LF,DH",41,10,37,9,0.309,81,53,16,2,21,60
Tyrone Taylor,NYM,"LF,RF",37,11,39,7,0.276,65,38,14,2,17,71
Liover Peguero,PIT,"2B,SS",43,9,40,12,0.289,87,60,16,2,24,93
Tyler Soderstrom,OAK,C,31,11,36,1,0.263,65,41,12,1,20,94
Joshua Palacios,PIT,"LF,RF",36,9,37,7,0.311,73,50,13,1,22,62
JJ Bleday,OAK,"LF,CF",51,15,48,5,0.31,84,47,20,2,57,114
Jose Miranda,MIN,3B,17,4,19,1,0.305,38,26,8,0,10,27
Marco Luciano,SF,SS,49,13,48,5,0.296,90,58,18,1,43,140
Oscar Colas,CWS,RF,19,5,17,2,0.277,37,25,7,0,10,46
Sean Bouchard,COL,RF,38,11,37,5,0.336,66,37,16,2,32,80
Christian Vazquez,MIN,C,29,5,28,2,0.29,64,47,12,0,19,58
Brandon Belt,,"1B,DH",44,15,43,1,0.332,69,39,14,1,46,110
Yasmani Grandal,PIT,C,26,6,26,0,0.326,53,38,9,0,33,56
Manuel Margot,LAD,"CF,RF",33,6,32,7,0.315,67,46,14,1,18,45
Ivan Herrera,STL,C,20,4,18,2,0.336,35,24,7,0,21,40
Tom Murphy,SF,C,24,8,24,1,0.314,45,28,9,0,19,58
Miguel Amaya,CHC,C,26,7,27,1,0.302,47,30,10,0,23,65
Colson Montgomery,CWS,SS,24,5,21,1,0.314,42,28,8,1,22,49
Brooks Lee,MIN,SS,14,3,14,1,0.301,29,19,7,0,10,25
Joey Gallo,WSH,"1B,LF",51,22,54,3,0.306,67,32,12,1,60,161
Dylan Carlson,STL,"CF,RF",47,10,43,4,0.326,85,54,19,2,38,76
Justyn-Henry Malloy,DET,"3B,LF",8,2,7,0,0.347,14,9,3,0,10,18
Coby Mayo,BAL,"1B,3B",3,1,4,0,0.32,6,4,1,0,3,8
Mauricio Dubon,HOU,"2B,CF",38,7,33,5,0.299,74,52,14,1,16,45
Taylor Walls,TB,"2B,3B,SS",38,7,30,13,0.301,59,37,13,2,38,83
Jacob Young,WSH,CF,11,1,8,6,0.306,23,17,4,1,7,18
Michael A. Taylor,,CF,45,14,45,9,0.285,81,53,13,1,28,118
Dylan Crews,WSH,CF,21,5,21,4,0.278,41,27,9,0,13,52
Myles Straw,CLE,CF,49,2,31,18,0.316,97,75,18,2,38,76
Dylan Moore,SEA,"2B,LF",25,6,20,11,0.291,36,21,8,1,20,61
Freddy Fermin,KC,C,22,6,24,0,0.312,45,30,8,1,16,42
Joey Loperfido,HOU,"2B,CF,RF",7,2,7,2,0.322,12,7,3,0,7,17
Ronny Mauricio,NYM,2B,4,1,4,1,0.286,9,6,2,0,2,9
Trent Grisham,NYY,CF,41,12,36,8,0.315,60,34,13,1,39,88
Nick Madrigal,CHC,3B,38,2,29,8,0.319,85,66,15,2,17,32
Luken Baker,STL,1B,7,2,8,0,0.301,13,8,3,0,6,16
Stone Garrett,WSH,LF,35,12,38,5,0.286,65,38,14,1,20,90
Victor Robles,WSH,CF,43,7,33,16,0.297,80,54,17,2,26,84
Spencer Horwitz,TOR,1B,10,2,10,1,0.34,20,13,5,0,10,18
Rob Refsnyder,BOS,LF,30,5,26,4,0.345,55,37,12,1,27,56
Mark Vientos,NYM,"3B,DH",39,15,46,1,0.293,75,45,14,1,26,100
Jared Triolo,PIT,3B,25,3,20,5,0.324,49,34,11,1,21,56
Vidal Brujan,MIA,2B,23,3,17,10,0.296,39,27,8,1,15,37
Blake Sabol,SF,"C,LF",12,3,12,1,0.297,22,15,4,0,9,33
Austin Slater,SF,"LF,CF",34,7,27,7,0.328,59,40,11,1,27,73
Isiah Kiner-Falefa,TOR,"3B,LF,CF",40,4,33,14,0.304,85,66,14,1,23,59
Kevin Kiermaier,TOR,CF,49,8,40,11,0.3,89,59,18,4,29,92
Donovan Solano,,"1B,2B",31,5,29,0,0.327,73,53,15,0,22,64
Aaron Hicks,LAA,"LF,CF,RF",46,10,38,6,0.328,76,53,12,1,49,92
Travis Jankowski,TEX,LF,22,1,13,8,0.337,38,29,7,1,21,33
Kyle Isbel,KC,CF,47,9,40,10,0.3,86,54,20,3,27,80
Daniel Vogelbach,TOR,DH,17,6,19,0,0.341,29,18,5,0,21,36
Cade Marlowe,SEA,LF,17,4,16,6,0.276,29,18,6,1,12,49
Adam Frazier,KC,2B,37,4,31,7,0.317,76,54,16,2,24,42
Mike Tauchman,CHC,CF,48,7,35,6,0.336,75,51,16,1,46,87
Mike Ford,CIN,DH,12,5,15,0,0.294,22,13,4,0,12,31
Dominic Smith,CHC,1B,21,5,21,1,0.315,44,30,9,0,15,36
Gio Urshela,DET,"1B,3B",32,7,34,2,0.317,75,53,14,1,17,55
Santiago Espinal,TOR,"2B,3B",30,3,27,4,0.317,65,48,14,0,20,40
Christian Bethancourt,MIA,C,31,9,31,2,0.277,61,40,12,0,13,68
Jean Segura,,3B,28,5,24,6,0.31,61,46,9,1,17,40
Jose Azocar,SD,"CF,RF",34,5,28,15,0.274,69,49,13,2,15,77
Nick Gonzales,PIT,"2B,SS",23,4,21,2,0.299,44,27,11,2,18,59
Estevan Florial,CLE,CF,31,8,27,10,0.302,50,30,11,1,25,83
Akil Baddoo,DET,LF,34,7,26,11,0.318,56,35,11,3,30,66
Graham Pauley,SD,,8,2,8,1,0.303,16,11,3,0,5,15
Nick Pratto,KC,"1B,LF",28,7,27,2,0.298,46,27,11,1,26,85
Miguel Andujar,OAK,RF,24,6,25,2,0.307,53,35,11,1,14,34
Richie Palacios,TB,LF,18,3,16,3,0.319,33,21,8,1,15,26
Enmanuel Valdez,BOS,2B,19,5,20,2,0.312,35,21,8,1,14,38
Randal Grichuk,ARI,"LF,CF,RF",34,10,36,1,0.288,67,42,14,1,17,65
Nick Fortes,MIA,C,36,9,33,5,0.287,69,47,12,1,22,58
Alec Burleson,STL,"LF,DH",20,5,22,1,0.311,43,29,9,0,12,28
Jo Adell,LAA,"CF,RF",33,12,36,4,0.279,56,31,12,1,19,92
Jason Heyward,LAD,"CF,RF",46,12,43,3,0.312,81,51,17,1,32,70
Joey Wiemer,MIL,CF,30,8,29,8,0.293,51,31,11,1,22,70
Bobby Dalbec,BOS,1B,26,9,28,3,0.286,43,26,7,1,18,82
Tony Kemp,CIN,"2B,LF",22,2,16,6,0.318,40,30,7,1,19,22
Cavan Biggio,TOR,"1B,2B,RF",47,9,39,5,0.322,72,46,16,1,46,99
Joey Votto,,1B,38,13,43,0,0.305,65,37,14,1,41,99
Brayan Rocchio,CLE,"3B,SS",46,6,41,10,0.305,92,63,21,2,30,75
Nick Senzel,WSH,"3B,LF",46,9,39,8,0.295,85,59,16,1,31,82
Darell Hernaiz,OAK,SS,41,6,35,9,0.297,88,62,18,2,25,66
Luis Urias,SEA,"2B,3B",40,10,37,2,0.309,68,43,14,1,37,80
Victor Caratini,HOU,C,25,6,27,1,0.306,50,36,8,0,21,50
Gavin Sheets,CWS,"1B,RF",28,10,34,1,0.302,60,39,11,0,24,59
Connor Joe,PIT,"1B,LF,RF",44,9,36,4,0.328,77,49,17,2,41,82
Nicky Lopez,CWS,"2B,3B",39,2,25,11,0.305,79,63,12,2,30,57
Josh Donaldson,,3B,26,9,27,1,0.31,42,24,9,0,24,57
Ji Hwan Bae,PIT,"2B,CF",40,3,27,16,0.315,70,51,14,2,27,69
Michael Toglia,COL,"1B,RF",13,4,13,1,0.291,23,13,5,1,10,34